参考地名,经度(lon),纬度(lat),年份,月份,NDVI,土壤湿度,气温,蒸散量,降水量,最低气温,最高气温,SPI,STI
西峰镇,107.625,35.625,2001,1,0.282,268.58,-6.19,9.13,20.27,-11.81,-1.75,1.613596448,0.857021571
西峰镇,107.625,35.625,2001,2,0.258,272.08,-1.98,13.35,9.72,-8.02,3.93,1.437692543,0.884407706
西峰镇,107.625,35.625,2001,3,0.258,278.36,3.71,15.99,4.34,-5.8,9.92,-2.66432597,0.803046908
西峰镇,107.625,35.625,2001,4,0.365,283.45,10.23,43.5,31.63,-1.16,17.6,0.334318439,-0.37013671
西峰镇,107.625,35.625,2001,5,0.455,290.37,17.05,79.66,22.63,12.12,22.7,-2.645219427,1.876115425
西峰镇,107.625,35.625,2001,6,0.471,293.74,20.29,57.91,59.77,13.64,26.2,-0.676414932,1.64172137
西峰镇,107.625,35.625,2001,7,0.337,297.35,23.22,54.21,80.58,15.86,26.84,-0.049138571,2.673661095
西峰镇,107.625,35.625,2001,8,0.392,294.01,19.78,50.23,83.43,12.51,25.46,-0.206386069,0.593203311
西峰镇,107.625,35.625,2001,9,0.431,287.51,13.91,29.5,115.15,7.19,18.98,1.501230991,-0.266102283
西峰镇,107.625,35.625,2001,10,0.372,283.38,9.95,23.63,34.2,4.4,13.25,0.631302003,1.244072046
西峰镇,107.625,35.625,2001,11,0.404,276.21,2.19,20.66,6.03,-3.87,8.15,-0.778012948,0.664233008
西峰镇,107.625,35.625,2001,12,0.302,269.08,-4.97,19.82,19.68,-11.99,1.01,1.144686886,0.290169292
西峰镇,107.625,35.625,2002,1,0.274,271.44,-2.37,7.59,7.57,-9.59,4.8,0.585180613,2.004506826
西峰镇,107.625,35.625,2002,2,0.223,274.25,0.8,4.07,6.03,-4.88,5.28,-0.431053364,1.475524132
西峰镇,107.625,35.625,2002,3,0.235,280.03,6.08,24.87,17.67,-2.22,13.52,-0.060922734,1.408144425
西峰镇,107.625,35.625,2002,4,0.408,283.89,9.95,50.85,37.19,1.46,20.35,0.501250321,0.421981852
西峰镇,107.625,35.625,2002,5,0.561,287.21,13.95,60.56,70.3,7.38,22.24,0.631274393,-0.459269167
西峰镇,107.625,35.625,2002,6,0.51,294.67,21.45,87.41,103.84,15.23,25.42,2.170104548,1.561412749
西峰镇,107.625,35.625,2002,7,0.443,296.72,22.5,81.32,60.96,16.79,29.27,-0.124510703,0.093945054
西峰镇,107.625,35.625,2002,8,0.416,294.15,20.11,61.44,55.46,14.19,28.19,-1.018343078,0.42152993
西峰镇,107.625,35.625,2002,9,0.412,289.57,15.39,40.68,68.13,8.02,24.95,-0.523818325,0.884749407
西峰镇,107.625,35.625,2002,10,0.353,284.19,10.28,35.62,45.21,1.42,17.75,0.462137921,0.917622197
西峰镇,107.625,35.625,2002,11,0.325,276.86,3.07,21.63,5.07,-1.86,8.22,-1.622736827,0.789647813
西峰镇,107.625,35.625,2002,12,0.309,269.2,-5.57,9.28,10.84,-18.7,2.99,1.911188346,-0.459575288
西峰镇,107.625,35.625,2003,1,0.243,268.46,-5.51,5.48,13.44,-16.33,1.62,0.829557918,0.402148614
西峰镇,107.625,35.625,2003,2,0.203,273.88,0.57,13.39,15.13,-6.43,7.2,0.313055395,1.110532376
西峰镇,107.625,35.625,2003,3,0.223,277.59,4.02,25.87,30.8,-6.15,17.06,1.866632523,0.186117511
西峰镇,107.625,35.625,2003,4,0.447,283.83,9.97,43.34,30.35,4.26,19.5,-0.231277662,-0.181090462
西峰镇,107.625,35.625,2003,5,0.475,288.62,15.23,67.59,61.54,8.19,20.56,0.872329112,0.427810455
西峰镇,107.625,35.625,2003,6,0.4,294.26,20.35,81.91,61.72,14.49,24.14,0.141251878,0.785744355
西峰镇,107.625,35.625,2003,7,0.428,295.07,21.49,64.17,85.82,14.93,26.19,-0.17903121,-0.011788715
西峰镇,107.625,35.625,2003,8,0.475,292.83,18.89,46.57,128.08,13.06,23.82,1.515872938,-0.994469
西峰镇,107.625,35.625,2003,9,0.498,289.53,15.76,49.96,169.06,6.72,19.89,1.031132637,0.882029397
西峰镇,107.625,35.625,2003,10,0.447,281.86,8.42,32.6,64.0,3.03,12.95,0.889224518,-0.45153997
西峰镇,107.625,35.625,2003,11,0.353,275.19,1.24,18.3,23.68,-5.8,10.95,1.240190495,-0.181802948
西峰镇,107.625,35.625,2003,12,0.258,269.98,-3.72,18.44,7.0,-9.04,0.13,0.450333196,0.324085958
西峰镇,107.625,35.625,2004,1,0.215,268.92,-5.05,7.26,6.61,-12.18,-0.47,0.0245115,0.494146587
西峰镇,107.625,35.625,2004,2,0.176,274.09,0.43,8.12,12.56,-8.22,8.36,0.540872194,1.014425071
西峰镇,107.625,35.625,2004,3,0.195,279.33,5.25,18.04,12.6,-4.08,14.26,-0.615820415,0.762730285
西峰镇,107.625,35.625,2004,4,0.29,287.36,14.25,55.07,12.08,4.47,22.49,-0.783136143,2.285791186
西峰镇,107.625,35.625,2004,5,0.408,289.1,15.72,73.29,35.16,2.45,22.31,-0.447699286,0.718271741
西峰镇,107.625,35.625,2004,6,0.361,293.8,20.07,63.06,50.0,12.35,27.27,-0.503443691,0.452498371
西峰镇,107.625,35.625,2004,7,0.396,296.07,21.83,59.7,86.77,15.72,25.65,-0.343868082,0.201107702
西峰镇,107.625,35.625,2004,8,0.479,293.9,19.93,48.3,93.73,14.83,24.37,0.222319018,-0.209147676
西峰镇,107.625,35.625,2004,9,0.479,288.94,15.16,35.42,82.98,5.25,22.3,0.647762221,0.41129684
西峰镇,107.625,35.625,2004,10,0.443,282.06,8.19,33.87,33.03,2.25,13.05,-0.510450351,-0.601545143
西峰镇,107.625,35.625,2004,11,0.396,275.59,2.3,24.36,24.68,-10.36,10.09,-0.182152872,0.226140519
西峰镇,107.625,35.625,2004,12,0.345,271.74,-2.78,9.93,14.1,-17.05,4.43,1.670540974,0.805293563
西峰镇,107.625,35.625,2005,1,0.274,268.38,-5.8,13.04,2.83,-11.85,-2.91,-0.487012349,0.210254953
西峰镇,107.625,35.625,2005,2,0.211,271.15,-3.34,8.08,13.3,-12.85,3.74,0.111131583,-0.195823442
西峰镇,107.625,35.625,2005,3,0.211,278.72,4.41,17.97,8.57,-5.04,12.56,-0.228779656,0.194603328
西峰镇,107.625,35.625,2005,4,0.325,286.78,13.41,49.38,17.04,3.75,22.3,-1.162849617,1.744274094
西峰镇,107.625,35.625,2005,5,0.392,290.11,16.37,62.04,63.45,11.13,21.76,0.284809865,1.395731853
西峰镇,107.625,35.625,2005,6,0.357,295.84,22.74,81.63,66.27,15.11,27.49,-0.216177469,2.343019069
西峰镇,107.625,35.625,2005,7,0.345,296.61,23.44,70.28,103.25,18.01,26.38,0.439583885,0.562391115
西峰镇,107.625,35.625,2005,8,0.471,293.57,20.13,58.21,90.06,14.62,25.52,-0.010084417,-1.244762293
西峰镇,107.625,35.625,2005,9,0.38,290.75,17.12,52.18,99.04,11.61,22.75,0.624030914,1.573380725
西峰镇,107.625,35.625,2005,10,0.412,282.15,9.36,35.07,64.95,4.69,12.92,0.318661684,-0.694771313
西峰镇,107.625,35.625,2005,11,0.369,277.15,4.29,26.61,11.24,-1.66,9.99,-0.793227191,0.877096885
西峰镇,107.625,35.625,2005,12,0.306,269.04,-4.74,7.22,3.47,-9.71,-0.85,-0.869791099,-0.605221141
西峰镇,107.625,35.625,2006,1,0.215,268.69,-4.89,9.44,14.17,-13.57,-0.48,0.962619943,0.344081732
西峰镇,107.625,35.625,2006,2,0.215,273.21,-0.07,12.52,20.23,-4.82,5.59,1.07768376,0.475615989
西峰镇,107.625,35.625,2006,3,0.219,279.78,6.44,31.2,10.48,-5.99,14.77,-0.792286105,0.572042554
西峰镇,107.625,35.625,2006,4,0.325,286.06,12.76,53.43,29.52,-0.02,22.86,-1.324370707,1.201952347
西峰镇,107.625,35.625,2006,5,0.435,290.15,17.07,91.54,69.11,8.03,23.94,0.843372942,0.947391871
西峰镇,107.625,35.625,2006,6,0.376,296.03,22.06,65.48,25.86,15.67,28.02,-0.265666197,1.45792797
西峰镇,107.625,35.625,2006,7,0.42,299.0,25.07,68.87,90.78,19.41,29.14,-0.129299868,1.448594153
西峰镇,107.625,35.625,2006,8,0.463,296.78,22.71,53.73,90.36,16.18,27.07,1.265488792,1.206632905
西峰镇,107.625,35.625,2006,9,0.428,288.31,14.81,43.19,71.94,10.16,21.78,-0.424636425,-1.020210529
西峰镇,107.625,35.625,2006,10,0.471,285.87,12.73,40.49,33.67,8.18,16.05,-1.403110381,2.248338533
西峰镇,107.625,35.625,2006,11,0.506,277.62,4.23,20.65,11.78,-2.99,9.65,0.12274823,0.964115849
西峰镇,107.625,35.625,2006,12,0.463,270.98,-2.26,6.29,1.55,-5.35,1.23,-0.00193552,0.567672402
西峰镇,107.625,35.625,2007,1,0.286,268.42,-5.55,8.2,7.61,-11.69,0.71,-0.372076274,0.183937794
西峰镇,107.625,35.625,2007,2,0.262,276.06,3.4,8.2,10.72,-0.82,8.48,0.096524303,1.597687818
西峰镇,107.625,35.625,2007,3,0.313,278.76,5.04,22.26,32.64,-9.16,16.57,0.924181727,0.18726081
西峰镇,107.625,35.625,2007,4,0.357,285.44,11.46,42.97,14.67,0.66,18.99,-2.40300981,0.095584199
西峰镇,107.625,35.625,2007,5,0.424,291.96,18.65,72.43,26.56,10.8,23.38,-0.265672735,2.271619732
西峰镇,107.625,35.625,2007,6,0.341,294.65,21.2,57.02,68.94,13.72,26.54,-0.540472294,0.44592825
西峰镇,107.625,35.625,2007,7,0.404,295.85,22.44,66.2,128.07,16.13,28.05,0.15897488,-0.966403335
西峰镇,107.625,35.625,2007,8,0.435,296.28,22.65,66.04,66.59,18.37,26.04,-0.797056584,1.069872205
西峰镇,107.625,35.625,2007,9,0.428,289.15,15.64,47.2,62.94,8.88,21.12,0.246715829,-0.529898078
西峰镇,107.625,35.625,2007,10,0.38,282.22,9.18,27.86,62.04,2.61,15.64,1.199303547,-0.711619563
西峰镇,107.625,35.625,2007,11,0.306,277.38,4.59,23.75,5.3,-0.96,8.68,-1.730036578,1.033222284
西峰镇,107.625,35.625,2007,12,0.246,271.32,-1.8,10.91,7.67,-9.2,0.87,0.148070855,0.525125379
西峰镇,107.625,35.625,2008,1,0.227,267.84,-7.61,8.45,17.86,-14.53,0.73,1.740587082,-1.469749622
西峰镇,107.625,35.625,2008,2,0.207,268.82,-5.13,13.75,6.23,-12.54,5.01,-1.354829363,-1.075353927
西峰镇,107.625,35.625,2008,3,0.239,280.39,7.91,23.44,20.89,1.31,13.42,0.015516683,0.962327149
西峰镇,107.625,35.625,2008,4,0.321,285.06,12.2,47.91,32.79,2.94,19.75,-0.785422186,0.397737506
西峰镇,107.625,35.625,2008,5,0.412,289.85,17.44,71.41,35.19,11.1,21.75,-1.199412144,1.029487745
西峰镇,107.625,35.625,2008,6,0.361,294.32,21.07,66.58,79.45,13.74,27.53,-0.536602482,-0.131080724
西峰镇,107.625,35.625,2008,7,0.42,297.16,23.21,78.09,80.83,17.17,26.71,-1.247403039,0.034121981
西峰镇,107.625,35.625,2008,8,0.471,294.83,21.06,62.46,87.89,14.23,25.44,-1.3493052,-0.643156565
西峰镇,107.625,35.625,2008,9,0.431,289.59,16.12,48.62,89.99,8.08,21.84,0.702611225,-0.22517756
西峰镇,107.625,35.625,2008,10,0.431,284.05,10.97,38.33,38.87,5.4,15.61,-0.626933446,0.49349414
西峰镇,107.625,35.625,2008,11,0.392,276.49,3.34,20.57,14.29,-4.1,10.87,-0.635826733,0.491604415
西峰镇,107.625,35.625,2008,12,0.302,270.6,-2.43,7.77,0.58,-13.09,3.9,-2.098655288,0.404906785
西峰镇,107.625,35.625,2009,1,0.215,269.42,-3.56,3.65,4.17,-13.62,3.15,-1.906109698,0.390120252
西峰镇,107.625,35.625,2009,2,0.191,276.48,3.13,7.73,21.66,-2.43,7.34,0.724500931,1.282401851
西峰镇,107.625,35.625,2009,3,0.203,279.99,6.66,26.04,14.58,-0.38,15.83,-0.469469831,0.679425478
西峰镇,107.625,35.625,2009,4,0.266,286.45,13.22,40.78,21.44,5.37,19.08,-1.254364298,1.253206341
西峰镇,107.625,35.625,2009,5,0.349,288.41,15.42,67.63,70.73,11.07,19.7,-0.355834284,-0.007496176
西峰镇,107.625,35.625,2009,6,0.306,295.25,22.29,65.18,22.5,16.5,26.02,-1.115859087,1.797996014
西峰镇,107.625,35.625,2009,7,0.369,297.66,23.36,54.88,83.79,16.68,26.85,-0.208788458,0.331532811
西峰镇,107.625,35.625,2009,8,0.494,294.59,20.66,67.02,130.39,15.97,25.52,0.413905702,-1.355376508
西峰镇,107.625,35.625,2009,9,0.396,290.26,16.54,45.41,52.2,11.89,19.44,-1.255624114,0.269017294
西峰镇,107.625,35.625,2009,10,0.38,285.63,12.5,37.28,36.2,8.3,18.21,-1.579980704,1.68430901
西峰镇,107.625,35.625,2009,11,0.369,274.18,0.01,21.45,25.22,-12.19,11.69,1.183283662,-1.562357711
西峰镇,107.625,35.625,2009,12,0.286,269.79,-3.26,15.19,5.82,-7.56,-0.26,-0.210824237,0.102810884
西峰镇,107.625,35.625,2010,1,0.215,271.09,-1.93,6.16,1.78,-7.65,1.45,-2.209136981,1.072117814
西峰镇,107.625,35.625,2010,2,0.164,273.11,-0.23,9.78,12.81,-11.98,9.41,1.158672528,0.47881375
西峰镇,107.625,35.625,2010,3,0.191,279.06,5.49,23.13,19.75,-6.82,15.38,-0.165283224,0.142939348
西峰镇,107.625,35.625,2010,4,0.298,283.17,9.69,44.57,42.68,-0.15,15.93,0.605794679,-1.271924088
西峰镇,107.625,35.625,2010,5,0.396,288.95,16.2,76.91,64.5,9.46,22.23,-0.173964381,0.347681479
西峰镇,107.625,35.625,2010,6,0.459,293.76,20.19,59.16,34.3,11.77,25.27,-0.707248995,-0.144512294
西峰镇,107.625,35.625,2010,7,0.412,297.48,23.57,70.02,138.7,17.49,27.67,0.376209151,0.700406981
西峰镇,107.625,35.625,2010,8,0.455,294.83,20.63,78.62,106.89,15.61,25.84,0.892513436,-0.528500749
西峰镇,107.625,35.625,2010,9,0.42,290.51,16.55,51.13,76.79,9.55,22.39,-0.309537279,1.212183913
西峰镇,107.625,35.625,2010,10,0.42,283.53,9.86,40.33,37.15,2.26,15.07,-0.44611636,0.029315897
西峰镇,107.625,35.625,2010,11,0.384,276.4,3.27,21.52,3.72,-1.23,7.8,-1.596702763,0.802861004
西峰镇,107.625,35.625,2010,12,0.325,269.76,-4.21,7.5,1.11,-14.23,2.87,-0.557500362,0.746516804
西峰镇,107.625,35.625,2011,1,0.243,263.5,-11.48,1.71,0.54,-17.09,-4.55,0.483935387,-2.200080075
西峰镇,107.625,35.625,2011,2,0.207,272.4,-0.36,7.31,13.74,-11.59,7.13,1.107669776,0.67657971
西峰镇,107.625,35.625,2011,3,0.195,275.99,2.21,11.37,6.39,-3.84,12.5,-1.522618257,-1.177142065
西峰镇,107.625,35.625,2011,4,0.258,285.03,12.3,36.98,21.03,5.2,19.59,-2.735188181,1.290280537
西峰镇,107.625,35.625,2011,5,0.372,288.28,15.47,77.65,80.7,5.98,22.01,0.030514662,-0.069963058
西峰镇,107.625,35.625,2011,6,0.353,294.14,21.1,74.86,59.13,17.05,25.29,-1.273609189,0.841114074
西峰镇,107.625,35.625,2011,7,0.329,296.19,22.45,71.36,109.04,18.09,26.18,0.085957254,-0.24745089
西峰镇,107.625,35.625,2011,8,0.439,294.65,20.65,78.23,82.35,15.43,26.27,-0.228695265,-0.39792186
西峰镇,107.625,35.625,2011,9,0.451,287.91,14.03,50.96,162.3,4.79,22.91,1.43488145,-1.37724498
西峰镇,107.625,35.625,2011,10,0.408,283.11,10.24,40.41,41.44,5.37,15.1,0.504991307,0.580055791
西峰镇,107.625,35.625,2011,11,0.431,278.12,4.67,24.66,71.15,-0.18,9.67,1.694120194,1.402519961
西峰镇,107.625,35.625,2011,12,0.306,270.36,-3.45,15.57,6.61,-8.2,0.02,-0.095626086,0.387596989
西峰镇,107.625,35.625,2012,1,0.219,266.93,-6.22,13.08,13.04,-14.16,-2.19,0.41542909,-0.16959979
西峰镇,107.625,35.625,2012,2,0.187,270.15,-3.52,4.68,0.03,-9.61,3.16,-0.719786024,-0.307297137
西峰镇,107.625,35.625,2012,3,0.195,277.55,5.38,12.05,18.0,-0.2,12.25,0.140149542,-0.022113842
西峰镇,107.625,35.625,2012,4,0.302,284.73,12.79,55.89,30.89,6.05,17.61,0.109331333,0.970234946
西峰镇,107.625,35.625,2012,5,0.487,288.9,16.42,89.35,80.38,11.74,20.45,0.22216071,0.51056195
西峰镇,107.625,35.625,2012,6,0.483,293.95,20.76,78.74,48.9,16.25,24.86,-0.655966167,0.696917342
西峰镇,107.625,35.625,2012,7,0.455,296.27,23.02,85.27,142.27,17.84,26.83,-0.95700247,0.505198777
西峰镇,107.625,35.625,2012,8,0.498,295.01,21.33,74.21,95.25,16.28,24.93,0.662077407,-0.041318014
西峰镇,107.625,35.625,2012,9,0.431,288.26,15.0,61.57,73.08,10.13,19.28,-0.44679622,-1.022180219
西峰镇,107.625,35.625,2012,10,0.392,283.58,10.69,37.63,22.97,5.5,14.73,-1.454542669,0.257465443
西峰镇,107.625,35.625,2012,11,0.333,274.66,1.29,20.87,14.84,-4.25,7.75,0.37595304,-0.601287668
西峰镇,107.625,35.625,2012,12,0.258,268.72,-4.83,11.78,6.83,-14.65,0.02,-0.074557707,-0.118464385
西峰镇,107.625,35.625,2013,1,0.191,268.87,-3.27,7.57,4.02,-10.75,2.98,-0.792746145,0.82118345
西峰镇,107.625,35.625,2013,2,0.18,273.63,1.11,8.51,10.57,-4.45,8.32,-0.254255131,0.97406896
西峰镇,107.625,35.625,2013,3,0.195,282.29,9.93,11.96,1.89,-0.79,15.25,-1.704193905,1.994097025
西峰镇,107.625,35.625,2013,4,0.274,285.13,12.57,50.7,49.96,5.04,19.7,-0.534287136,0.584520179
西峰镇,107.625,35.625,2013,5,0.372,290.02,17.36,78.64,80.37,12.48,23.28,0.815104405,1.02996548
西峰镇,107.625,35.625,2013,6,0.384,294.86,22.14,83.24,56.32,15.53,26.61,-0.630934985,1.22664995
西峰镇,107.625,35.625,2013,7,0.518,295.37,22.14,78.77,180.68,18.24,26.32,1.225922305,-0.570998285
西峰镇,107.625,35.625,2013,8,0.498,296.07,22.99,85.28,73.21,15.61,26.67,-1.160072812,1.379657327
西峰镇,107.625,35.625,2013,9,0.443,289.91,16.92,54.85,104.49,10.73,21.46,0.784579327,0.396799363
西峰镇,107.625,35.625,2013,10,0.42,284.93,12.18,44.98,33.01,5.95,17.43,-1.069770958,1.485235281
西峰镇,107.625,35.625,2013,11,0.388,276.1,2.58,24.56,21.12,-6.49,8.99,-0.069271514,0.31618336
西峰镇,107.625,35.625,2013,12,0.333,269.89,-3.13,9.65,1.64,-9.14,2.24,-1.457862516,0.353846662
西峰镇,107.625,35.625,2014,1,0.254,270.4,-1.79,6.27,4.29,-6.34,5.42,-1.294275218,1.530206308
西峰镇,107.625,35.625,2014,2,0.235,270.28,-3.0,7.3,19.68,-12.0,5.95,1.524193314,-0.276658192
西峰镇,107.625,35.625,2014,3,0.235,279.54,7.36,28.62,17.96,0.81,14.9,0.006071172,1.118748417
西峰镇,107.625,35.625,2014,4,0.337,285.01,12.26,50.96,87.94,5.78,17.4,1.67554127,0.322722107
西峰镇,107.625,35.625,2014,5,0.455,288.29,16.06,87.61,17.12,8.88,23.21,-0.876013073,-0.151618096
西峰镇,107.625,35.625,2014,6,0.467,294.6,21.49,69.46,60.56,17.2,25.61,-0.664866659,0.217994849
西峰镇,107.625,35.625,2014,7,0.447,297.77,24.17,65.31,36.67,18.48,27.66,-2.139387525,1.323461736
西峰镇,107.625,35.625,2014,8,0.431,294.7,20.92,55.08,91.95,14.58,26.67,-0.117282735,-1.02664451
西峰镇,107.625,35.625,2014,9,0.463,289.58,16.05,45.38,137.67,11.46,20.33,1.710507227,0.078988341
西峰镇,107.625,35.625,2014,10,0.388,284.45,11.71,41.12,40.56,5.19,16.23,-1.204141629,1.550462192
西峰镇,107.625,35.625,2014,11,0.333,276.78,3.26,26.54,29.38,-4.76,6.97,-0.14797732,0.595614598
西峰镇,107.625,35.625,2014,12,0.27,269.1,-3.93,12.55,2.06,-7.48,0.11,-0.486717133,0.06910394
西峰镇,107.625,35.625,2015,1,0.211,270.23,-2.29,3.61,3.03,-7.66,1.18,0.818807004,1.353327113
西峰镇,107.625,35.625,2015,2,0.191,272.82,0.26,4.07,3.99,-7.71,5.46,0.143337217,0.795273396
西峰镇,107.625,35.625,2015,3,0.211,279.48,6.85,20.51,29.33,-1.51,15.06,0.808096431,0.722496362
西峰镇,107.625,35.625,2015,4,0.317,285.18,12.55,61.96,71.49,5.73,19.42,0.818084484,0.315395447
西峰镇,107.625,35.625,2015,5,0.443,289.22,17.07,88.59,50.78,10.16,22.04,-0.424096204,0.362745489
西峰镇,107.625,35.625,2015,6,0.502,293.12,20.43,74.21,69.06,16.39,25.29,0.667447784,-0.686012649
西峰镇,107.625,35.625,2015,7,0.467,297.4,24.33,74.8,41.27,21.64,27.87,-3.331524102,0.501088745
西峰镇,107.625,35.625,2015,8,0.447,295.64,22.42,68.79,74.23,19.82,28.07,-1.021729065,-0.249218359
西峰镇,107.625,35.625,2015,9,0.42,290.41,17.06,45.81,87.44,9.89,22.72,-0.420365986,0.579976803
西峰镇,107.625,35.625,2015,10,0.369,284.18,11.38,35.85,39.01,3.26,16.18,-0.25233329,0.457632182
西峰镇,107.625,35.625,2015,11,0.341,278.06,4.83,19.07,39.19,-0.91,10.42,0.980666875,1.186594294
西峰镇,107.625,35.625,2015,12,0.325,270.25,-3.72,13.27,13.6,-11.76,2.85,1.002656842,0.430439439
西峰镇,107.625,35.625,2016,1,0.246,267.97,-4.87,14.41,12.94,-14.69,0.83,-0.171632755,-0.012888803
西峰镇,107.625,35.625,2016,2,0.215,271.43,-1.02,9.67,2.8,-8.91,7.03,-0.753015901,0.127144039
西峰镇,107.625,35.625,2016,3,0.219,279.93,7.48,19.2,25.77,-3.12,16.25,-0.272802564,0.969479497
西峰镇,107.625,35.625,2016,4,0.329,286.35,13.97,48.37,40.41,7.33,19.61,-0.575631327,1.609268745
西峰镇,107.625,35.625,2016,5,0.416,287.83,14.95,78.54,59.28,7.28,21.99,-0.325762031,-0.703190598
西峰镇,107.625,35.625,2016,6,0.435,294.04,21.49,78.73,75.57,11.56,27.22,0.13828923,0.173779203
西峰镇,107.625,35.625,2016,7,0.483,296.12,23.17,81.94,139.82,18.0,26.08,-0.153220997,0.693987148
西峰镇,107.625,35.625,2016,8,0.483,296.45,23.39,66.39,61.7,16.33,27.02,-1.298507317,2.011867256
西峰镇,107.625,35.625,2016,9,0.428,290.61,17.42,47.59,50.25,13.75,23.09,-1.644579918,0.735289579
西峰镇,107.625,35.625,2016,10,0.42,284.04,10.53,33.51,46.12,2.16,19.89,0.879087322,0.455908557
西峰镇,107.625,35.625,2016,11,0.369,276.6,3.91,22.39,17.13,-5.48,10.03,-1.24185866,0.880237419
西峰镇,107.625,35.625,2016,12,0.309,272.31,-0.19,11.85,4.3,-4.65,4.45,0.372465639,1.502647261
西峰镇,107.625,35.625,2017,1,0.243,270.46,-2.65,5.37,10.29,-6.94,1.27,0.051260993,1.13453211
西峰镇,107.625,35.625,2017,2,0.235,273.28,1.04,20.54,17.56,-4.34,7.82,0.522497306,0.743962276
西峰镇,107.625,35.625,2017,3,0.235,277.71,4.61,21.77,24.43,-1.59,11.02,0.840364381,-0.388482251
西峰镇,107.625,35.625,2017,4,0.325,285.6,12.8,49.26,42.69,7.08,17.79,-0.344396007,0.783979158
西峰镇,107.625,35.625,2017,5,0.424,288.58,16.33,77.4,70.79,9.11,21.99,0.429652564,0.458544358
西峰镇,107.625,35.625,2017,6,0.467,293.63,20.76,80.92,89.8,13.41,23.66,0.593756333,-0.080493439
西峰镇,107.625,35.625,2017,7,0.451,298.34,25.52,85.42,99.51,18.56,29.37,-0.842000379,2.169471094
西峰镇,107.625,35.625,2017,8,0.435,294.91,21.59,62.85,94.1,12.52,27.52,-0.209924235,-0.680148859
西峰镇,107.625,35.625,2017,9,0.443,291.12,18.21,55.82,82.39,14.83,21.12,-1.278066256,1.008931789
西峰镇,107.625,35.625,2017,10,0.443,283.25,9.98,37.51,120.93,4.19,16.13,0.92207237,-0.84621314
西峰镇,107.625,35.625,2017,11,0.357,277.38,4.86,24.33,7.75,-0.34,12.23,-1.426687589,0.643001829
西峰镇,107.625,35.625,2017,12,0.302,271.09,-1.17,8.53,0.0,-5.04,1.69,-1.515534966,0.456387696
西峰镇,107.625,35.625,2018,1,0.109,268.54,-5.23,4.67,3.78,-11.16,0.02,1.330063231,-0.022704245
西峰镇,107.625,35.625,2018,2,0.223,271.78,-1.17,5.32,9.22,-11.42,9.44,-0.839276409,0.093444588
西峰镇,107.625,35.625,2018,3,0.25,282.62,10.62,32.59,27.54,2.6,17.58,-0.792286105,1.88848659
西峰镇,107.625,35.625,2018,4,0.341,286.43,14.11,59.51,57.39,3.21,19.7,0.815048242,1.421048738
西峰镇,107.625,35.625,2018,5,0.467,289.39,16.65,74.76,48.27,10.44,23.35,-0.040604331,0.585163786
西峰镇,107.625,35.625,2018,6,0.494,293.93,21.37,83.21,104.69,12.44,25.28,0.583148382,0.221584165
西峰镇,107.625,35.625,2018,7,0.534,296.09,23.04,89.62,164.9,18.15,26.19,1.204217642,-0.060454734
西峰镇,107.625,35.625,2018,8,0.506,297.09,24.11,91.14,109.46,19.6,26.8,-0.752654212,1.389939304
西峰镇,107.625,35.625,2018,9,0.439,289.28,16.02,56.52,65.51,10.81,21.89,-0.978633736,-0.842664467
西峰镇,107.625,35.625,2018,10,0.376,283.43,11.01,39.58,11.83,7.82,15.27,-1.687448565,-0.481595106
西峰镇,107.625,35.625,2018,11,0.313,276.27,3.71,22.75,30.07,-2.26,10.54,-0.508861355,0.289454074
西峰镇,107.625,35.625,2018,12,0.258,269.86,-3.09,12.14,9.26,-9.28,3.09,-0.102715367,-0.437741853
西峰镇,107.625,35.625,2019,1,0.235,270.0,-2.15,6.46,3.12,-6.07,1.63,-1.088316648,0.381729664
西峰镇,107.625,35.625,2019,2,0.207,273.26,0.05,3.66,6.98,-4.92,4.48,0.857827286,0.050584556
西峰镇,107.625,35.625,2019,3,0.211,280.53,7.86,17.3,6.1,1.46,15.08,-1.748167561,0.605147492
西峰镇,107.625,35.625,2019,4,0.298,287.07,14.64,48.19,40.92,8.72,20.08,0.226429135,1.568054268
西峰镇,107.625,35.625,2019,5,0.439,288.06,15.19,66.49,36.65,6.57,24.21,-0.1927258,-0.924109196
西峰镇,107.625,35.625,2019,6,0.483,293.35,20.73,73.1,103.21,16.1,23.99,0.306131433,-0.316644842
西峰镇,107.625,35.625,2019,7,0.494,296.67,23.91,80.95,80.51,15.08,28.5,-1.275711934,0.324743704
西峰镇,107.625,35.625,2019,8,0.498,295.71,22.62,79.03,103.2,16.22,26.48,-0.549558642,0.399116811
西峰镇,107.625,35.625,2019,9,0.502,290.35,17.25,56.53,123.64,10.19,23.86,-0.110982003,0.40574568
西峰镇,107.625,35.625,2019,10,0.412,284.48,11.47,42.84,84.15,6.33,18.37,0.269103853,0.428590391
西峰镇,107.625,35.625,2019,11,0.388,277.6,4.83,24.87,23.57,-1.82,9.72,0.295985279,0.790496387
西峰镇,107.625,35.625,2019,12,0.309,271.77,-0.66,15.3,5.81,-4.45,3.59,-0.464997763,0.953944893
西峰镇,107.625,35.625,2020,1,0.258,270.72,-1.45,15.33,28.67,-4.94,2.12,1.006058565,0.924372283
西峰镇,107.625,35.625,2020,2,0.246,274.92,2.78,24.65,21.44,-6.74,8.69,-0.124824524,1.019301676
西峰镇,107.625,35.625,2020,3,0.262,281.31,8.67,33.43,12.53,3.08,15.32,-1.773030893,1.105001873
西峰镇,107.625,35.625,2020,4,0.313,285.07,12.4,47.43,16.97,6.21,20.03,-1.199840294,0.476250215
西峰镇,107.625,35.625,2020,5,0.412,290.15,17.95,84.22,86.84,11.01,23.33,-0.156033942,0.982616194
西峰镇,107.625,35.625,2020,6,0.487,293.42,21.07,84.03,124.49,12.01,26.39,1.176889631,-0.300028753
西峰镇,107.625,35.625,2020,7,0.573,295.36,22.49,85.03,130.77,16.37,27.81,-0.147786537,-1.442348919
西峰镇,107.625,35.625,2020,8,0.565,294.34,21.2,85.28,209.34,14.08,25.85,1.623793078,-0.976849367
西峰镇,107.625,35.625,2020,9,0.526,290.07,17.33,61.44,75.07,12.27,22.81,-0.930450896,0.0542636
西峰镇,107.625,35.625,2020,10,0.428,282.92,10.1,46.25,69.94,5.72,13.37,-0.616859966,-0.978967788
西峰镇,107.625,35.625,2020,11,0.341,277.24,4.08,23.48,36.82,-5.44,11.9,0.747140979,0.582798418
西峰镇,107.625,35.625,2020,12,0.262,268.7,-4.2,18.6,14.4,-11.13,0.08,0.129814915,-0.686335777
西峰镇,107.625,35.625,2021,1,0.227,269.2,-2.39,25.51,8.59,-12.41,1.86,-0.673366086,0.633067671
西峰镇,107.625,35.625,2021,2,0.211,276.44,4.95,21.13,28.89,0.69,11.33,0.135318407,1.636511256
西峰镇,107.625,35.625,2021,3,0.223,281.36,8.83,32.47,25.77,2.43,13.79,0.876533742,1.184937619
西峰镇,107.625,35.625,2021,4,0.298,283.24,10.6,57.97,88.4,5.03,18.12,0.656671311,-0.960959635
西峰镇,107.625,35.625,2021,5,0.416,289.03,17.45,96.08,80.22,8.96,24.01,0.435686295,-0.017054938
西峰镇,107.625,35.625,2021,6,0.498,294.67,22.36,81.48,64.12,12.88,26.95,0.090720173,0.854062416
西峰镇,107.625,35.625,2021,7,0.518,297.1,24.54,83.08,92.7,19.36,29.74,-1.602037974,0.825630165
西峰镇,107.625,35.625,2021,8,0.526,295.7,22.54,78.17,89.14,16.57,28.16,-0.935767536,0.528940202
西峰镇,107.625,35.625,2021,9,0.514,291.42,18.44,58.03,168.48,13.84,23.58,1.987079419,1.512527608
西峰镇,107.625,35.625,2021,10,0.455,282.81,9.54,35.53,141.71,3.78,19.81,2.617761561,-0.911635933
西峰镇,107.625,35.625,2021,11,0.282,275.96,3.38,26.84,13.63,-4.68,9.46,-0.304357667,-0.210110391
西峰镇,107.625,35.625,2021,12,0.254,271.78,-0.87,10.12,5.34,-8.89,3.64,1.12649918,0.775180416
西峰镇,107.625,35.625,2022,1,0.227,270.76,-1.54,11.51,16.61,-8.92,1.84,0.87905948,0.901322335
西峰镇,107.625,35.625,2022,2,0.215,269.62,-3.84,13.55,10.04,-8.74,3.86,0.478252746,-0.479071424
西峰镇,107.625,35.625,2022,3,0.227,281.78,9.73,25.27,15.22,1.08,15.89,-0.546427205,1.534237431
西峰镇,107.625,35.625,2022,4,0.286,285.56,13.37,56.45,58.08,4.27,20.33,0.079472101,0.625531699
西峰镇,107.625,35.625,2022,5,0.376,289.24,17.31,84.96,51.25,10.68,22.55,-0.213744249,0.426826195
西峰镇,107.625,35.625,2022,6,0.428,295.67,23.79,79.0,47.0,18.17,27.87,-1.234317976,1.535117489
西峰镇,107.625,35.625,2022,7,0.538,296.94,23.92,80.63,142.01,17.23,30.47,0.640667619,0.256773436
西峰镇,107.625,35.625,2022,8,0.577,297.21,24.16,73.45,54.44,15.14,30.41,-0.733354524,1.290975357
西峰镇,107.625,35.625,2022,9,0.487,291.08,17.83,41.69,29.11,12.84,22.31,-2.170951892,0.563439145
西峰镇,107.625,35.625,2022,10,0.408,284.32,11.25,32.07,37.04,5.52,17.32,0.254274176,-0.019609058
西峰镇,107.625,35.625,2022,11,0.345,278.86,5.8,18.97,27.71,-8.76,11.02,0.58193501,1.057944115
西峰镇,107.625,35.625,2022,12,0.282,270.03,-2.41,17.86,3.23,-8.11,1.19,-0.574161284,-0.06807762
西峰镇,107.625,35.625,2023,1,0.231,270.11,-2.08,10.73,7.61,-9.83,4.12,-0.696386341,0.484743389
西峰镇,107.625,35.625,2023,2,0.215,274.13,1.6,12.65,19.42,-3.53,6.72,1.172779472,0.612946533
西峰镇,107.625,35.625,2023,3,0.211,281.76,9.13,26.51,35.58,2.5,14.88,-0.755347704,1.22527275
西峰镇,107.625,35.625,2023,4,0.27,284.56,11.76,59.61,79.86,2.25,21.57,1.17107747,-0.45998896
西峰镇,107.625,35.625,2023,5,0.396,288.18,15.52,70.78,61.08,5.44,22.04,0.178560347,-0.529904162
西峰镇,107.625,35.625,2023,6,0.463,293.76,21.69,75.8,63.08,12.72,25.8,0.12802998,0.251108783
西峰镇,107.625,35.625,2023,7,0.494,296.52,24.0,79.2,121.21,15.51,29.5,0.47572813,1.18204066
西峰镇,107.625,35.625,2023,8,0.569,295.64,22.61,76.48,81.52,15.82,27.13,-0.970738775,0.380820057
西峰镇,107.625,35.625,2023,9,0.518,291.32,18.11,52.79,82.33,11.39,23.07,-0.959144818,1.436465301
西峰镇,107.625,35.625,2023,10,0.396,285.03,12.5,37.1,68.99,8.01,15.59,0.156226914,1.204270785
西峰镇,107.625,35.625,2023,11,0.286,277.47,5.06,26.24,12.23,-2.69,14.94,-1.649527084,0.597955661
西峰镇,107.625,35.625,2023,12,0.239,270.91,-1.38,13.01,10.05,-10.74,6.94,1.12649918,0.493742997
